{
  "timestamp": "2025-12-17T22:49:07.982891",
  "best_model": "HistGradientBoosting",
  "models_compared": [
    "RandomForest",
    "HistGradientBoosting",
    "ExtraTrees"
  ],
  "metrics": {
    "RandomForest": {
      "r2": -0.06258750122378642,
      "mae": 0.40133244474999996,
      "rmse": 1.1586758597822029
    },
    "HistGradientBoosting": {
      "r2": -0.041014410872862284,
      "mae": 0.3612919377807191,
      "rmse": 1.1468535889843285
    },
    "ExtraTrees": {
      "r2": -0.06076210002654259,
      "mae": 0.42160665266666664,
      "rmse": 1.157680197104182
    }
  },
  "feature_count": 16,
  "training_samples": 9600,
  "test_samples": 2400
}